[{
  "_id": {
    "$oid": "665202a3a35f4dcffa54bea7"
  },
  "name": "Grains"
},
{
  "_id": {
    "$oid": "665202a3a35f4dcffa54bea8"
  },
  "name": "Meat"
},
{
  "_id": {
    "$oid": "665202a3a35f4dcffa54bea9"
  },
  "name": "Vegetables"
},
{
  "_id": {
    "$oid": "665202a3a35f4dcffa54beaa"
  },
  "name": "Fruits"
},
{
  "_id": {
    "$oid": "665202a3a35f4dcffa54beab"
  },
  "name": "Dairy"
},
{
  "_id": {
    "$oid": "665202a3a35f4dcffa54beac"
  },
  "name": "Sweets"
},
{
  "_id": {
    "$oid": "665202a3a35f4dcffa54bead"
  },
  "name": "Beverages"
},
{
  "_id": {
    "$oid": "665202a3a35f4dcffa54beae"
  },
  "name": "Snacks"
},
{
  "_id": {
    "$oid": "665202a3a35f4dcffa54beaf"
  },
  "name": "Seafood"
},
{
  "_id": {
    "$oid": "665202a3a35f4dcffa54beb0"
  },
  "name": "Nuts and Seeds"
},
{
  "_id": {
    "$oid": "665202a3a35f4dcffa54beb1"
  },
  "name": "Baked Goods"
},
{
  "_id": {
    "$oid": "665202a3a35f4dcffa54beb2"
  },
  "name": "Pasta"
},
{
  "_id": {
    "$oid": "665202a3a35f4dcffa54beb3"
  },
  "name": "Fish"
},
{
  "_id": {
    "$oid": "665202a3a35f4dcffa54beb4"
  },
  "name": "Soups"
},
{
  "_id": {
    "$oid": "665202a3a35f4dcffa54beb5"
  },
  "name": "Sea food"
},
{
  "_id": {
    "$oid": "665202a3a35f4dcffa54beb6"
  },
  "name": "Spices"
},
{
  "_id": {
    "$oid": "665202a3a35f4dcffa54beb7"
  },
  "name": "Herbs"
},
{
  "_id": {
    "$oid": "665202a3a35f4dcffa54beb8"
  },
  "name": "Oils"
},
{
  "_id": {
    "$oid": "665202a3a35f4dcffa54beb9"
  },
  "name": "Dressings"
},
{
  "_id": {
    "$oid": "665202a3a35f4dcffa54beba"
  },
  "name": "Sauces"
}]