[{
  "_id": {
    "$oid": "66520362a35f4dcffa54bebe"
  },
  "name": "Oatmeal",
  "foodType": "Grains",
  "cal": 150,
  "ch": 27,
  "lipid": 3,
  "protein": 5,
  "amount": 100
},
{
  "_id": {
    "$oid": "66520362a35f4dcffa54bebf"
  },
  "name": "Brown Rice",
  "foodType": "Grains",
  "cal": 112,
  "ch": 23,
  "lipid": 0.9,
  "protein": 2.6,
  "amount": 100
},
{
  "_id": {
    "$oid": "66520362a35f4dcffa54bec0"
  },
  "name": "Quinoa",
  "foodType": "Grains",
  "cal": 120,
  "ch": 21,
  "lipid": 2,
  "protein": 4,
  "amount": 100
},
{
  "_id": {
    "$oid": "66520362a35f4dcffa54bec1"
  },
  "name": "Barley",
  "foodType": "Grains",
  "cal": 193,
  "ch": 44,
  "lipid": 0.6,
  "protein": 3.6,
  "amount": 100
},
{
  "_id": {
    "$oid": "66520362a35f4dcffa54bec2"
  },
  "name": "Buckwheat",
  "foodType": "Grains",
  "cal": 155,
  "ch": 33,
  "lipid": 1,
  "protein": 5.7,
  "amount": 100
},
{
  "_id": {
    "$oid": "66520362a35f4dcffa54bec3"
  },
  "name": "Chicken Breast",
  "foodType": "Meat",
  "cal": 165,
  "ch": 0,
  "lipid": 3.6,
  "protein": 31,
  "amount": 100
},
{
  "_id": {
    "$oid": "66520362a35f4dcffa54bec4"
  },
  "name": "Turkey Breast",
  "foodType": "Meat",
  "cal": 135,
  "ch": 0,
  "lipid": 1,
  "protein": 30,
  "amount": 100
},
{
  "_id": {
    "$oid": "66520362a35f4dcffa54bec5"
  },
  "name": "Beef Steak",
  "foodType": "Meat",
  "cal": 271,
  "ch": 0,
  "lipid": 19,
  "protein": 25,
  "amount": 100
},
{
  "_id": {
    "$oid": "66520362a35f4dcffa54bec6"
  },
  "name": "Pork Chop",
  "foodType": "Meat",
  "cal": 231,
  "ch": 0,
  "lipid": 13,
  "protein": 25,
  "amount": 100
},
{
  "_id": {
    "$oid": "66520362a35f4dcffa54bec7"
  },
  "name": "Lamb",
  "foodType": "Meat",
  "cal": 294,
  "ch": 0,
  "lipid": 21,
  "protein": 25,
  "amount": 100
},
{
  "_id": {
    "$oid": "66520362a35f4dcffa54bec8"
  },
  "name": "Broccoli",
  "foodType": "Vegetables",
  "cal": 55,
  "ch": 11,
  "lipid": 0.6,
  "protein": 3.7,
  "amount": 100
},
{
  "_id": {
    "$oid": "66520362a35f4dcffa54bec9"
  },
  "name": "Carrots",
  "foodType": "Vegetables",
  "cal": 25,
  "ch": 6,
  "lipid": 0.1,
  "protein": 0.6,
  "amount": 100
},
{
  "_id": {
    "$oid": "66520362a35f4dcffa54beca"
  },
  "name": "Spinach",
  "foodType": "Vegetables",
  "cal": 23,
  "ch": 4,
  "lipid": 0.4,
  "protein": 2.9,
  "amount": 100
},
{
  "_id": {
    "$oid": "66520362a35f4dcffa54becb"
  },
  "name": "Kale",
  "foodType": "Vegetables",
  "cal": 33,
  "ch": 6,
  "lipid": 0.6,
  "protein": 2.9,
  "amount": 100
},
{
  "_id": {
    "$oid": "66520362a35f4dcffa54becc"
  },
  "name": "Peas",
  "foodType": "Vegetables",
  "cal": 81,
  "ch": 14,
  "lipid": 0.4,
  "protein": 5.4,
  "amount": 100
},
{
  "_id": {
    "$oid": "66520362a35f4dcffa54becd"
  },
  "name": "Apple",
  "foodType": "Fruits",
  "cal": 95,
  "ch": 25,
  "lipid": 0.3,
  "protein": 0.5,
  "amount": 100
},
{
  "_id": {
    "$oid": "66520362a35f4dcffa54bece"
  },
  "name": "Banana",
  "foodType": "Fruits",
  "cal": 105,
  "ch": 27,
  "lipid": 0.3,
  "protein": 1.3,
  "amount": 100
},
{
  "_id": {
    "$oid": "66520362a35f4dcffa54becf"
  },
  "name": "Orange",
  "foodType": "Fruits",
  "cal": 62,
  "ch": 15,
  "lipid": 0.2,
  "protein": 1.2,
  "amount": 100
},
{
  "_id": {
    "$oid": "66520362a35f4dcffa54bed0"
  },
  "name": "Grapes",
  "foodType": "Fruits",
  "cal": 62,
  "ch": 16,
  "lipid": 0.3,
  "protein": 0.6,
  "amount": 100
},
{
  "_id": {
    "$oid": "66520362a35f4dcffa54bed1"
  },
  "name": "Strawberries",
  "foodType": "Fruits",
  "cal": 49,
  "ch": 11,
  "lipid": 0.5,
  "protein": 1,
  "amount": 100
},
{
  "_id": {
    "$oid": "66520362a35f4dcffa54bed2"
  },
  "name": "Milk",
  "foodType": "Dairy",
  "cal": 103,
  "ch": 12,
  "lipid": 2.4,
  "protein": 8,
  "amount": 100
},
{
  "_id": {
    "$oid": "66520362a35f4dcffa54bed3"
  },
  "name": "Yogurt",
  "foodType": "Dairy",
  "cal": 59,
  "ch": 3.6,
  "lipid": 0.4,
  "protein": 10,
  "amount": 100
},
{
  "_id": {
    "$oid": "66520362a35f4dcffa54bed4"
  },
  "name": "Cheese",
  "foodType": "Dairy",
  "cal": 113,
  "ch": 0.4,
  "lipid": 9.3,
  "protein": 6.9,
  "amount": 100
},
{
  "_id": {
    "$oid": "66520362a35f4dcffa54bed5"
  },
  "name": "Butter",
  "foodType": "Dairy",
  "cal": 102,
  "ch": 0,
  "lipid": 12,
  "protein": 0.1,
  "amount": 100
},
{
  "_id": {
    "$oid": "66520362a35f4dcffa54bed6"
  },
  "name": "Cream Cheese",
  "foodType": "Dairy",
  "cal": 99,
  "ch": 1.6,
  "lipid": 10,
  "protein": 2,
  "amount": 100
},
{
  "_id": {
    "$oid": "66520362a35f4dcffa54bed7"
  },
  "name": "Chocolate",
  "foodType": "Sweets",
  "cal": 546,
  "ch": 61,
  "lipid": 31,
  "protein": 4.9,
  "amount": 100
},
{
  "_id": {
    "$oid": "66520362a35f4dcffa54bed8"
  },
  "name": "Candy",
  "foodType": "Sweets",
  "cal": 150,
  "ch": 38,
  "lipid": 0.2,
  "protein": 0,
  "amount": 100
},
{
  "_id": {
    "$oid": "66520362a35f4dcffa54bed9"
  },
  "name": "Ice Cream",
  "foodType": "Sweets",
  "cal": 207,
  "ch": 24,
  "lipid": 11,
  "protein": 4,
  "amount": 100
},
{
  "_id": {
    "$oid": "66520362a35f4dcffa54beda"
  },
  "name": "Muffin",
  "foodType": "Sweets",
  "cal": 377,
  "ch": 48,
  "lipid": 18,
  "protein": 5.5,
  "amount": 100
},
{
  "_id": {
    "$oid": "66520362a35f4dcffa54bedb"
  },
  "name": "Brownie",
  "foodType": "Sweets",
  "cal": 466,
  "ch": 58,
  "lipid": 23,
  "protein": 5,
  "amount": 100
},
{
  "_id": {
    "$oid": "66520362a35f4dcffa54bedc"
  },
  "name": "Green Tea",
  "foodType": "Beverages",
  "cal": 0,
  "ch": 0,
  "lipid": 0,
  "protein": 0,
  "amount": 100
},
{
  "_id": {
    "$oid": "66520362a35f4dcffa54bedd"
  },
  "name": "Coffee",
  "foodType": "Beverages",
  "cal": 2,
  "ch": 0,
  "lipid": 0.1,
  "protein": 0.3,
  "amount": 100
},
{
  "_id": {
    "$oid": "66520362a35f4dcffa54bede"
  },
  "name": "Orange Juice",
  "foodType": "Beverages",
  "cal": 112,
  "ch": 26,
  "lipid": 0.5,
  "protein": 1.7,
  "amount": 100
},
{
  "_id": {
    "$oid": "66520362a35f4dcffa54bedf"
  },
  "name": "Water",
  "foodType": "Beverages",
  "cal": 0,
  "ch": 0,
  "lipid": 0,
  "protein": 0,
  "amount": 100
},
{
  "_id": {
    "$oid": "66520362a35f4dcffa54bee0"
  },
  "name": "Herbal Tea",
  "foodType": "Beverages",
  "cal": 2,
  "ch": 0,
  "lipid": 0,
  "protein": 0,
  "amount": 100
},
{
  "_id": {
    "$oid": "66520362a35f4dcffa54bee1"
  },
  "name": "Chips",
  "foodType": "Snacks",
  "cal": 152,
  "ch": 15,
  "lipid": 10,
  "protein": 2,
  "amount": 100
},
{
  "_id": {
    "$oid": "66520362a35f4dcffa54bee2"
  },
  "name": "Pretzels",
  "foodType": "Snacks",
  "cal": 108,
  "ch": 22,
  "lipid": 0.8,
  "protein": 2.9,
  "amount": 100
},
{
  "_id": {
    "$oid": "66520362a35f4dcffa54bee3"
  },
  "name": "Granola Bar",
  "foodType": "Snacks",
  "cal": 193,
  "ch": 29,
  "lipid": 7.4,
  "protein": 3,
  "amount": 100
},
{
  "_id": {
    "$oid": "66520362a35f4dcffa54bee4"
  },
  "name": "Popcorn",
  "foodType": "Snacks",
  "cal": 106,
  "ch": 21,
  "lipid": 1.2,
  "protein": 3,
  "amount": 100
},
{
  "_id": {
    "$oid": "66520362a35f4dcffa54bee5"
  },
  "name": "Trail Mix",
  "foodType": "Snacks",
  "cal": 173,
  "ch": 20,
  "lipid": 9,
  "protein": 4,
  "amount": 100
},
{
  "_id": {
    "$oid": "66520362a35f4dcffa54bee6"
  },
  "name": "Salmon",
  "foodType": "Seafood",
  "cal": 206,
  "ch": 0,
  "lipid": 13,
  "protein": 22,
  "amount": 100
},
{
  "_id": {
    "$oid": "66520362a35f4dcffa54bee7"
  },
  "name": "Tuna",
  "foodType": "Seafood",
  "cal": 116,
  "ch": 0,
  "lipid": 1,
  "protein": 25,
  "amount": 100
},
{
  "_id": {
    "$oid": "66520362a35f4dcffa54bee8"
  },
  "name": "Shrimp",
  "foodType": "Seafood",
  "cal": 99,
  "ch": 0.2,
  "lipid": 0.3,
  "protein": 24,
  "amount": 100
},
{
  "_id": {
    "$oid": "66520362a35f4dcffa54bee9"
  },
  "name": "Cod",
  "foodType": "Seafood",
  "cal": 82,
  "ch": 0,
  "lipid": 0.7,
  "protein": 18,
  "amount": 100
},
{
  "_id": {
    "$oid": "66520362a35f4dcffa54beea"
  },
  "name": "Lobster",
  "foodType": "Seafood",
  "cal": 89,
  "ch": 0,
  "lipid": 1.2,
  "protein": 19,
  "amount": 100
},
{
  "_id": {
    "$oid": "66520362a35f4dcffa54beeb"
  },
  "name": "Almonds",
  "foodType": "Nuts and Seeds",
  "cal": 164,
  "ch": 6.1,
  "lipid": 14,
  "protein": 6,
  "amount": 100
},
{
  "_id": {
    "$oid": "66520362a35f4dcffa54beec"
  },
  "name": "Peanuts",
  "foodType": "Nuts and Seeds",
  "cal": 161,
  "ch": 4.5,
  "lipid": 14,
  "protein": 7.3,
  "amount": 100
},
{
  "_id": {
    "$oid": "66520362a35f4dcffa54beed"
  },
  "name": "Walnuts",
  "foodType": "Nuts and Seeds",
  "cal": 185,
  "ch": 3.9,
  "lipid": 18.5,
  "protein": 4.3,
  "amount": 100
},
{
  "_id": {
    "$oid": "66520362a35f4dcffa54beee"
  },
  "name": "Cashews",
  "foodType": "Nuts and Seeds",
  "cal": 157,
  "ch": 9.2,
  "lipid": 12,
  "protein": 5.2,
  "amount": 100
},
{
  "_id": {
    "$oid": "66520362a35f4dcffa54beef"
  },
  "name": "Pistachios",
  "foodType": "Nuts and Seeds",
  "cal": 159,
  "ch": 8,
  "lipid": 13,
  "protein": 6,
  "amount": 100
},
{
  "_id": {
    "$oid": "665243aae61909f94cf76136"
  },
  "name": "Beer",
  "foodType": "Beverages",
  "cal": 123,
  "ch": 23,
  "lipid": 1,
  "protein": 0,
  "amount": 100
}]