[{
  "_id": {
    "$oid": "66525c4f3849d6f9437366be"
  },
  "firstName": "Mileev",
  "lastName": "Andrei",
  "email": "lusorum@gmail.com",
  "password": "71HWgswI5qKo04nZcySfBA==:+wLK+HK1xiOQKD9pwDRJUmtKny2UXfOTJrD2s2TMfOA=",
  "age": 0,
  "sex": null,
  "weight": 0,
  "meals": [
    {
      "userId": "66525c4f3849d6f9437366be",
      "mealType": "Breakfast",
      "date": "2024-05-26T00:00:00Z",
      "time": "08:00",
      "foods": [
        {
          "name": "Oatmeal",
          "amount": 100,
          "cal": 150,
          "ch": 27,
          "lipid": 3,
          "protein": 5
        },
        {
          "name": "Banana",
          "amount": 100,
          "cal": 105,
          "ch": 27,
          "lipid": 0.3,
          "protein": 1.3
        }
      ]
    },
    {
      "userId": "66525c4f3849d6f9437366be",
      "mealType": "Breakfast",
      "date": "2024-05-26T00:00:00Z",
      "time": "08:30",
      "foods": [
        {
          "name": "Yogurt",
          "amount": 100,
          "cal": 59,
          "ch": 3.6,
          "lipid": 0.4,
          "protein": 10
        },
        {
          "name": "Strawberries",
          "amount": 100,
          "cal": 49,
          "ch": 11,
          "lipid": 0.5,
          "protein": 1
        }
      ]
    },
    {
      "userId": "66525c4f3849d6f9437366be",
      "mealType": "Lunch",
      "date": "2024-05-26T00:00:00Z",
      "time": "12:00",
      "foods": [
        {
          "name": "Chicken Breast",
          "amount": 100,
          "cal": 165,
          "ch": 0,
          "lipid": 3.6,
          "protein": 31
        },
        {
          "name": "Brown Rice",
          "amount": 100,
          "cal": 112,
          "ch": 23,
          "lipid": 0.9,
          "protein": 2.6
        },
        {
          "name": "Broccoli",
          "amount": 100,
          "cal": 55,
          "ch": 11,
          "lipid": 0.6,
          "protein": 3.7
        }
      ]
    },
    {
      "userId": "66525c4f3849d6f9437366be",
      "mealType": "Lunch",
      "date": "2024-05-26T00:00:00Z",
      "time": "12:30",
      "foods": [
        {
          "name": "Quinoa",
          "amount": 100,
          "cal": 120,
          "ch": 21,
          "lipid": 2,
          "protein": 4
        },
        {
          "name": "Spinach",
          "amount": 100,
          "cal": 23,
          "ch": 4,
          "lipid": 0.4,
          "protein": 2.9
        },
        {
          "name": "Apple",
          "amount": 100,
          "cal": 95,
          "ch": 25,
          "lipid": 0.3,
          "protein": 0.5
        }
      ]
    },
    {
      "userId": "66525c4f3849d6f9437366be",
      "mealType": "Dinner",
      "date": "2024-05-26T00:00:00Z",
      "time": "18:00",
      "foods": [
        {
          "name": "Salmon",
          "amount": 100,
          "cal": 206,
          "ch": 0,
          "lipid": 13,
          "protein": 22
        },
        {
          "name": "Buckwheat",
          "amount": 100,
          "cal": 155,
          "ch": 33,
          "lipid": 1,
          "protein": 5.7
        },
        {
          "name": "Kale",
          "amount": 100,
          "cal": 33,
          "ch": 6,
          "lipid": 0.6,
          "protein": 2.9
        }
      ]
    },
    {
      "userId": "66525c4f3849d6f9437366be",
      "mealType": "Dinner",
      "date": "2024-05-26T00:00:00Z",
      "time": "18:30",
      "foods": [
        {
          "name": "Beef Steak",
          "amount": 100,
          "cal": 271,
          "ch": 0,
          "lipid": 19,
          "protein": 25
        },
        {
          "name": "Barley",
          "amount": 100,
          "cal": 193,
          "ch": 44,
          "lipid": 0.6,
          "protein": 3.6
        },
        {
          "name": "Carrots",
          "amount": 100,
          "cal": 25,
          "ch": 6,
          "lipid": 0.1,
          "protein": 0.6
        }
      ]
    },
    {
      "userId": "66525c4f3849d6f9437366be",
      "mealType": "Snack",
      "date": "2024-05-26T00:00:00Z",
      "time": "15:00",
      "foods": [
        {
          "name": "Granola Bar",
          "amount": 100,
          "cal": 193,
          "ch": 29,
          "lipid": 7.4,
          "protein": 3
        },
        {
          "name": "Green Tea",
          "amount": 100,
          "cal": 0,
          "ch": 0,
          "lipid": 0,
          "protein": 0
        }
      ]
    },
    {
      "userId": "66525c4f3849d6f9437366be",
      "mealType": "Breakfast",
      "date": "2024-05-25T00:00:00Z",
      "time": "08:00",
      "foods": [
        {
          "name": "Scrambled Eggs",
          "amount": 100,
          "cal": 150,
          "ch": 1,
          "lipid": 10,
          "protein": 12
        },
        {
          "name": "Whole Wheat Toast",
          "amount": 100,
          "cal": 70,
          "ch": 12,
          "lipid": 1,
          "protein": 3
        }
      ]
    },
    {
      "userId": "66525c4f3849d6f9437366be",
      "mealType": "Lunch",
      "date": "2024-05-25T00:00:00Z",
      "time": "12:00",
      "foods": [
        {
          "name": "Grilled Chicken",
          "amount": 100,
          "cal": 165,
          "ch": 0,
          "lipid": 3.6,
          "protein": 31
        },
        {
          "name": "Quinoa",
          "amount": 100,
          "cal": 120,
          "ch": 21,
          "lipid": 2,
          "protein": 4
        },
        {
          "name": "Green Beans",
          "amount": 100,
          "cal": 31,
          "ch": 7,
          "lipid": 0.2,
          "protein": 1.8
        }
      ]
    },
    {
      "userId": "66525c4f3849d6f9437366be",
      "mealType": "Snack",
      "date": "2024-05-25T00:00:00Z",
      "time": "15:00",
      "foods": [
        {
          "name": "Greek Yogurt",
          "amount": 100,
          "cal": 59,
          "ch": 3.6,
          "lipid": 0.4,
          "protein": 10
        },
        {
          "name": "Almonds",
          "amount": 100,
          "cal": 575,
          "ch": 22,
          "lipid": 49,
          "protein": 21
        }
      ]
    },
    {
      "userId": "66525c4f3849d6f9437366be",
      "mealType": "Dinner",
      "date": "2024-05-25T00:00:00Z",
      "time": "18:00",
      "foods": [
        {
          "name": "Grilled Salmon",
          "amount": 100,
          "cal": 206,
          "ch": 0,
          "lipid": 13,
          "protein": 22
        },
        {
          "name": "Sweet Potato",
          "amount": 100,
          "cal": 86,
          "ch": 20,
          "lipid": 0.1,
          "protein": 1.6
        },
        {
          "name": "Asparagus",
          "amount": 100,
          "cal": 20,
          "ch": 4,
          "lipid": 0.2,
          "protein": 2.2
        }
      ]
    },
    {
      "userId": "66525c4f3849d6f9437366be",
      "mealType": "Breakfast",
      "date": "2024-05-24T00:00:00Z",
      "time": "08:00",
      "foods": [
        {
          "name": "Pancakes",
          "amount": 100,
          "cal": 227,
          "ch": 38,
          "lipid": 6,
          "protein": 6
        },
        {
          "name": "Orange Juice",
          "amount": 100,
          "cal": 45,
          "ch": 10.4,
          "lipid": 0.2,
          "protein": 0.7
        }
      ]
    },
    {
      "userId": "66525c4f3849d6f9437366be",
      "mealType": "Lunch",
      "date": "2024-05-24T00:00:00Z",
      "time": "12:00",
      "foods": [
        {
          "name": "Turkey Sandwich",
          "amount": 100,
          "cal": 250,
          "ch": 30,
          "lipid": 7,
          "protein": 18
        },
        {
          "name": "Carrot Sticks",
          "amount": 100,
          "cal": 41,
          "ch": 10,
          "lipid": 0.2,
          "protein": 0.9
        }
      ]
    },
    {
      "userId": "66525c4f3849d6f9437366be",
      "mealType": "Snack",
      "date": "2024-05-24T00:00:00Z",
      "time": "15:00",
      "foods": [
        {
          "name": "Apple Slices",
          "amount": 100,
          "cal": 52,
          "ch": 14,
          "lipid": 0.2,
          "protein": 0.3
        },
        {
          "name": "Peanut Butter",
          "amount": 100,
          "cal": 588,
          "ch": 20,
          "lipid": 50,
          "protein": 25
        }
      ]
    },
    {
      "userId": "66525c4f3849d6f9437366be",
      "mealType": "Dinner",
      "date": "2024-05-24T00:00:00Z",
      "time": "18:00",
      "foods": [
        {
          "name": "Spaghetti with Marinara Sauce",
          "amount": 100,
          "cal": 150,
          "ch": 31,
          "lipid": 1.5,
          "protein": 5
        },
        {
          "name": "Garlic Bread",
          "amount": 100,
          "cal": 206,
          "ch": 30,
          "lipid": 9,
          "protein": 4
        },
        {
          "name": "Caesar Salad",
          "amount": 100,
          "cal": 97,
          "ch": 7,
          "lipid": 6,
          "protein": 2
        }
      ]
    },
    {
      "userId": "66525c4f3849d6f9437366be",
      "mealType": "Breakfast",
      "date": "2024-05-23T00:00:00Z",
      "time": "08:00",
      "foods": [
        {
          "name": "Avocado Toast",
          "amount": 100,
          "cal": 160,
          "ch": 15,
          "lipid": 10,
          "protein": 5
        },
        {
          "name": "Orange",
          "amount": 100,
          "cal": 47,
          "ch": 12,
          "lipid": 0.1,
          "protein": 0.9
        }
      ]
    },
    {
      "userId": "66525c4f3849d6f9437366be",
      "mealType": "Lunch",
      "date": "2024-05-23T00:00:00Z",
      "time": "12:00",
      "foods": [
        {
          "name": "Grilled Chicken Salad",
          "amount": 100,
          "cal": 150,
          "ch": 10,
          "lipid": 6,
          "protein": 15
        },
        {
          "name": "Whole Grain Roll",
          "amount": 100,
          "cal": 130,
          "ch": 23,
          "lipid": 2,
          "protein": 5
        }
      ]
    },
    {
      "userId": "66525c4f3849d6f9437366be",
      "mealType": "Dinner",
      "date": "2024-05-23T00:00:00Z",
      "time": "18:00",
      "foods": [
        {
          "name": "Baked Cod",
          "amount": 100,
          "cal": 82,
          "ch": 0,
          "lipid": 0.7,
          "protein": 18
        },
        {
          "name": "Quinoa",
          "amount": 100,
          "cal": 120,
          "ch": 21,
          "lipid": 2,
          "protein": 4
        },
        {
          "name": "Steamed Broccoli",
          "amount": 100,
          "cal": 55,
          "ch": 11,
          "lipid": 0.6,
          "protein": 3.7
        }
      ]
    },
    {
      "userId": "66525c4f3849d6f9437366be",
      "mealType": "Breakfast",
      "date": "2024-05-22T00:00:00Z",
      "time": "08:00",
      "foods": [
        {
          "name": "Oatmeal",
          "amount": 100,
          "cal": 150,
          "ch": 27,
          "lipid": 3,
          "protein": 5
        },
        {
          "name": "Blueberries",
          "amount": 100,
          "cal": 57,
          "ch": 14,
          "lipid": 0.3,
          "protein": 0.7
        }
      ]
    },
    {
      "userId": "66525c4f3849d6f9437366be",
      "mealType": "Morning Snack",
      "date": "2024-05-22T00:00:00Z",
      "time": "10:00",
      "foods": [
        {
          "name": "Greek Yogurt",
          "amount": 100,
          "cal": 59,
          "ch": 3.6,
          "lipid": 0.4,
          "protein": 10
        },
        {
          "name": "Honey",
          "amount": 10,
          "cal": 30,
          "ch": 8.1,
          "lipid": 0,
          "protein": 0.1
        }
      ]
    },
    {
      "userId": "66525c4f3849d6f9437366be",
      "mealType": "Lunch",
      "date": "2024-05-22T00:00:00Z",
      "time": "12:00",
      "foods": [
        {
          "name": "Grilled Chicken Breast",
          "amount": 100,
          "cal": 165,
          "ch": 0,
          "lipid": 3.6,
          "protein": 31
        },
        {
          "name": "Mixed Vegetables",
          "amount": 100,
          "cal": 50,
          "ch": 10,
          "lipid": 0.5,
          "protein": 2
        },
        {
          "name": "Brown Rice",
          "amount": 100,
          "cal": 112,
          "ch": 23,
          "lipid": 0.9,
          "protein": 2.6
        }
      ]
    },
    {
      "userId": "66525c4f3849d6f9437366be",
      "mealType": "Afternoon Snack",
      "date": "2024-05-22T00:00:00Z",
      "time": "15:00",
      "foods": [
        {
          "name": "Apple",
          "amount": 100,
          "cal": 52,
          "ch": 14,
          "lipid": 0.2,
          "protein": 0.3
        },
        {
          "name": "Peanut Butter",
          "amount": 100,
          "cal": 588,
          "ch": 20,
          "lipid": 50,
          "protein": 25
        }
      ]
    },
    {
      "userId": "66525c4f3849d6f9437366be",
      "mealType": "Dinner",
      "date": "2024-05-22T00:00:00Z",
      "time": "18:00",
      "foods": [
        {
          "name": "Baked Salmon",
          "amount": 100,
          "cal": 206,
          "ch": 0,
          "lipid": 13,
          "protein": 22
        },
        {
          "name": "Quinoa",
          "amount": 100,
          "cal": 120,
          "ch": 21,
          "lipid": 2,
          "protein": 4
        },
        {
          "name": "Steamed Broccoli",
          "amount": 100,
          "cal": 55,
          "ch": 11,
          "lipid": 0.6,
          "protein": 3.7
        }
      ]
    }
  ],
  "workouts": null,
  "userName": "lusorum@gmail.com",
  "emailConfirmed": false
}]