[{
  "_id": {
    "$oid": "664a46008fbf42203c4c98a3"
  },
  "name": "Running",
  "exerciseType": "Endurance",
  "calBurned": 100
},
{
  "_id": {
    "$oid": "664a46008fbf42203c4c98a4"
  },
  "name": "Swimming",
  "exerciseType": "Endurance",
  "calBurned": 150
},
{
  "_id": {
    "$oid": "664a46008fbf42203c4c98a5"
  },
  "name": "Cycling",
  "exerciseType": "Endurance",
  "calBurned": 120
},
{
  "_id": {
    "$oid": "664a46008fbf42203c4c98a6"
  },
  "name": "Weight Lifting",
  "exerciseType": "Strength",
  "calBurned": 80
},
{
  "_id": {
    "$oid": "664a46008fbf42203c4c98a7"
  },
  "name": "Yoga",
  "exerciseType": "Flexibility",
  "calBurned": 50
},
{
  "_id": {
    "$oid": "664a46008fbf42203c4c98a8"
  },
  "name": "Pilates",
  "exerciseType": "Flexibility",
  "calBurned": 60
}]